Observation,Filename,With Keys,Execution Time
1,load.sql,False,0.0070230960845947266
1,Q1.sql,False,0.0039708614349365234
1,Q2.sql,False,0.001977682113647461
1,Q3.sql,False,0.0019652843475341797
1,Q4.sql,False,0.003000497817993164
1,Q5.sql,False,0.0029685497283935547
